cores,execution time (s),total energy (J),avg pwr (W),speedup,normalized energy,normalized avg pwr
1,4.282164706,66.11802574,15.44032756,1,1,1
2,2.445070588,45.97569593,18.80342275,1.751346046,0.6953579666,1.217812425
3,1.832135294,40.08978678,21.88145543,2.337253542,0.6063367189,1.417162644
4,1.527235294,37.77023506,24.73111721,2.803867042,0.5712547319,1.601722315
5,1.344082353,36.88073583,27.43934235,3.185939237,0.5578015287,1.777121777
6,1.222947059,36.7092158,30.01701139,3.501512739,0.5552073794,1.944065712
7,1.136564706,36.95511749,32.51475019,3.767638291,0.5589265118,2.105832927
8,1.072276471,37.45571583,34.93102465,3.993526691,0.5664977956,2.262324067